Class Nbr,Subject,Catalog,Section,Room Capacity,Req Rm Cap,Enrollment Capacity,Enrollment Total
1055,ACC,121,10,40,35,30,31
1056,ACC,121,20,40,35,30,32
1057,ACC,121,40,40,35,30,30
1066,ACC,121,50,40,35,30,30
1072,ACC,121,210,40,35,30,30
1067,ACC,122,10,40,35,30,19
1062,ACC,122,20,40,35,30,30
1064,ACC,122,40,40,35,30,30
1063,ACC,122,50,40,35,30,12
1060,ACC,305,10,39,35,30,31
1069,ACC,312,10,38,35,30,30
1061,ACC,317,410,40,30,30,30
1058,ACC,321,10,40,35,30,31
1070,ACC,321,20,39,35,30,9
1059,ACC,322,10,39,35,30,17
1054,ACC,323,10,40,35,30,27
1071,ACC,325,10,39,30,30,22
1065,ACC,330,10,34,35,30,17
1068,ACC,520,801,39,20,20,13
3457,ALM,100,5010,,40,0,0
1002,ANT,  10CD,10,81,80,10,10
1003,ANT,  10CD,20,81,80,10,10
1004,ANT,  10CD,30,81,80,50,43
1005,ANT,  10CD,40,81,80,50,17
1011,ANT,20,10,44,40,40,15
1009,ANT,20,20,44,20,30,30
1014,ANT,  40CD,10,38,30,30,31
1010,ANT, 105CDCT,10,44,35,25,25
3090,ANT, 202CTQL,10,44,30,25,9
1013,ANT,218,810,,35,35,18
3092,ANT,239,10,35,40,35,16
1008,ANT, 360CMWI,10,35,30,21,18
3140,APD,141,10,26,25,20,23
3141,APD,141,20,21,25,20,20
3196,APD,141,30,,20,0,1
3200,APD, 171CPVL,810,450,25,20,22
3201,APD, 171CPVL,811,450,21,20,21
3138,APD,231,10,21,25,20,20
3139,APD,231,20,26,21,20,21
2684,APD,271,10,21,21,20,3
2681,APD,271,20,,21,20,0
2686,APD,341,10,,21,20,0
3197,APD,341,20,26,21,20,18
3198,APD,341,30,26,25,20,18
3207,APD,342,10,,21,20,0
3208,APD,342,20,26,21,20,6
3209,APD,342,30,26,25,20,4
3210,APD,343,10,,21,20,0
3211,APD,343,20,26,21,20,0
3212,APD,343,30,26,25,20,0
3213,APD,344,10,,21,20,0
3214,APD,344,20,26,21,20,0
3215,APD,344,30,26,25,20,0
3216,APD,345,10,,21,20,0
3217,APD,345,20,26,21,20,0
3218,APD,345,30,26,25,20,0
3202,APD,351,10,26,25,20,13
3203,APD,352,10,26,25,20,12
3512,APD,352,990,,30,0,1
3204,APD,353,10,26,25,20,0
3205,APD,354,10,26,25,20,0
3206,APD,355,10,26,25,20,0
3491,APD,361,10,26,30,20,21
3492,APD,361,20,21,30,20,20
3493,APD,361,610,21,30,20,17
3522,APD,362,10,26,20,20,1
3523,APD,362,20,21,20,20,1
3524,APD,362,610,21,20,20,2
3250,ARC,  15VL,801,450,130,130,108
2843,ARC, 200VLWI,10,,24,24,0
3505,ARC, 211CDVL,10,39,25,25,13
3241,ARC, 211CDVL,20,30,25,25,9
3253,ARC, 211CDVL,30,30,25,25,4
3459,ARC, 211CDVL,40,30,25,25,16
3252,ARC, 241CDVL,10,39,22,22,11
2846,ARC, 300CTWI,10,39,24,24,15
3352,ARC,517,801,,40,40,3
3352,ARC,517,801,,40,40,3
3352,ARC,517,801,,40,40,3
2696,ARH,  24VL,810,150,130,130,54
2693,ARH,  25VL,10,150,130,130,35
3320,ARH,  25VL,20,,130,130,0
2692,ARH, 124CTWI,10,35,35,30,10
2697,ARH, 124CTWI,20,35,35,30,9
2694,ARH, 125CTWI,10,150,35,30,14
2695,ARH, 125CTWI,20,35,35,30,11
2702,ARH, 125CTWI,30,,35,30,0
3525,ARH, 125CTWI,40,150,35,30,6
3322,ARH, 126CTWI,10,150,35,30,27
3458,ARH, 126CTWI,20,150,30,30,7
3324,ARH,337,10,35,30,25,29
3576,ARH,339,960,,40,0,1
3600,ARH,351,990,,25,0,2
3323,ARH, 370CDWI,810,35,35,25,32
2698,ARH,385,10,,30,25,0
3244,ARH,385,510,150,30,25,29
3582,ARH,390,970,,30,0,1
3575,ARH,395,960,,40,0,1
2849,ART,  31VL,10,24,22,22,8
2850,ART,  31VL,20,24,22,22,2
2851,ART,  31VL,30,24,22,22,2
3258,ART,  31VL,40,24,22,22,8
2852,ART,  32VL,10,24,22,22,7
2853,ART,  32VL,20,24,22,22,5
2854,ART,  32VL,30,24,22,22,9
2856,ART, 182CP,810,22,20,19,9
2859,ART, 182CP,811,26,25,20,11
3246,ART,331,10,,25,20,0
3247,ART,331,20,,21,20,0
3245,ART,331,610,,21,20,0
2896,ARU, 132CD,10,39,22,22,24
2889,ARU,210,10,,22,22,10
2863,ARU,236,10,24,40,20,18
2864,ARU,236,20,24,40,20,20
2871,ARU,236,30,24,20,20,19
2895,ARU,236,610,24,20,20,20
2887,ARU,301,10,,10,0,7
2887,ARU,301,10,30,10,0,7
2888,ARU,301,20,,10,0,10
2888,ARU,301,20,30,10,0,10
2877,ARU,310,410,39,22,22,18
2877,ARU,310,410,,22,22,18
2873,ARU,330,210,30,22,22,11
3249,ARU, 331CD,810,,20,20,17
3254,ARU,390,15,,20,0,0
2865,ARU,390,25,,40,30,7
3255,ARU,391,16,,20,0,0
2866,ARU,391,26,,30,30,7
2894,ARU,401,10,,22,22,0
2893,ARU,401,101,,40,20,2
2872,ARU,420,401,,20,22,5
2872,ARU,420,401,39,20,22,5
2876,ARU,420,410,,22,22,0
2876,ARU,420,410,39,22,22,0
2874,ARU,430,201,30,20,20,3
2875,ARU,430,210,30,20,20,0
2882,ARU,440,801,,1,18,0
2883,ARU,440,810,,1,18,0
2886,ARU,475,10,30,1,0,0
2886,ARU,475,10,,1,0,0
2885,ARU,475,101,,1,1,4
2885,ARU,475,101,30,1,1,4
3533,ARU,477,902,,30,0,1
2869,ARU,490,101,,20,20,0
3271,ARU,490,102,,20,20,1
2870,ARU,491,101,,30,20,0
3272,ARU,491,102,,30,30,1
2881,ARU,517,801,,20,20,17
2881,ARU,517,801,,20,20,17
2881,ARU,517,801,,20,20,17
2867,ARU,522,801,450,15,20,18
3531,ARU,542,101,20,20,20,0
3531,ARU,542,101,35,20,20,0
3527,ARU,542,601,20,20,20,1
3527,ARU,542,601,20,20,20,1
3529,ARU,543,101,24,20,20,2
2900,ARU,561,801,450,30,20,2
2892,ARU,562,801,,20,20,8
2884,ARU,591,801,450,22,22,23
3118,AST,16,10,48,40,40,33
3122,AST,16,20,,40,40,0
1985,AST, 140QL,10,28,28,24,12
1986,AST, 140QL,11,28,28,24,12
1988,AST,242,10,19,40,19,8
1989,AST,242,11,19,40,19,8
2977,AST,342,10,19,40,15,8
2580,BIO,10,10,290,144,120,65
2584,BIO,10,11,24,24,24,21
2585,BIO,10,12,24,24,24,15
2582,BIO,10,13,24,24,24,6
2628,BIO,10,14,24,24,24,19
2583,BIO,10,15,24,24,24,4
2630,BIO,12,10,137,120,72,37
2629,BIO,12,11,24,24,24,9
2631,BIO,12,12,24,24,24,12
2633,BIO,12,13,24,24,24,16
2588,BIO,104,10,170,96,64,33
2592,BIO,104,13,24,24,16,14
2635,BIO,104,15,24,24,16,11
2590,BIO,104,019H,24,24,16,5
2589,BIO,104,20,290,120,64,22
2593,BIO,104,21,24,24,16,10
3166,BIO,104,23,24,20,16,3
2649,BIO,104,30,198,60,48,9
2651,BIO,104,32,24,24,16,1
2594,BIO,104,33,24,24,16,5
2648,BIO,104,216,24,24,16,3
2650,BIO,104,331,24,24,16,3
2652,BIO,104,423,24,24,16,1
2595,BIO,104,525,24,24,16,8
2637,BIO,106,10,175,140,60,37
2644,BIO,106,11,24,24,20,16
2646,BIO,106,13,24,24,20,16
2645,BIO,106,212,24,24,20,5
2596,BIO,108,10,198,120,100,97
2597,BIO,108,11,24,24,20,20
2600,BIO,108,13,24,24,20,20
2598,BIO,108,14,24,24,20,17
2599,BIO,108,312,24,24,20,20
2627,BIO,108,416,24,24,20,20
2640,BIO,120,10,70,20,20,23
2641,BIO,120,11,24,20,20,23
2601,BIO,130,10,70,80,50,50
2602,BIO,140,10,137,80,50,19
2658,BIO,146,10,80,40,50,50
2603,BIO,224,10,170,96,80,89
2606,BIO,224,11,24,24,20,21
2604,BIO,224,12,24,24,20,21
2607,BIO,224,13,24,24,20,23
2605,BIO,224,14,24,24,20,24
2654,BIO,230,10,290,24,20,17
2655,BIO,230,11,24,24,20,17
2638,BIO,236,10,137,20,20,18
2639,BIO,236,11,24,20,20,18
2608,BIO,244,10,70,48,20,23
2609,BIO,244,11,24,24,20,23
2624,BIO,264,10,80,40,30,28
2625,BIO,264,11,24,40,15,14
2626,BIO,264,12,24,40,15,14
2621,BIO, 270CTWI,10,81,40,30,30
2622,BIO, 270CTWI,11,24,40,15,15
2623,BIO, 270CTWI,12,24,40,15,15
3430,BIO,326,10,,48,20,0
3431,BIO,326,11,,48,48,0
2614,BIO,330,10,70,48,30,35
2616,BIO,330,11,24,24,15,18
2615,BIO,330,12,24,24,15,17
3167,BIO, 332WI,10,137,24,20,23
3168,BIO, 332WI,11,24,24,20,23
2610,BIO,346,10,290,48,30,34
2611,BIO,346,11,24,24,15,17
2612,BIO,346,512,24,24,15,17
2656,BIO,357,10,80,40,20,12
2657,BIO,357,11,24,40,20,12
3591,BIO,370,960,,40,0,1
2613,BIO,380,10,15,15,10,10
2634,BIO,380,20,15,15,10,9
2617,BIO,457,401,24,24,12,0
2620,BIO,457,410,24,24,12,12
1073,BUS,131,10,81,80,60,20
1074,BUS,131,20,81,80,60,38
1075,BUS,131,30,136,50,50,40
1078,BUS,220,10,38,30,30,27
1079,BUS,220,20,32,30,30,21
1080,BUS,220,30,32,30,30,30
1081,BUS,220,40,32,30,30,29
2960,BUS,220,50,38,30,30,12
1082,BUS,275,10,38,30,30,22
1084,BUS,275,20,38,30,30,17
1085,BUS,275,30,38,30,30,17
2972,BUS,275,40,38,30,30,17
2967,BUS,275,50,38,30,30,23
1076,BUS, 332WI,810,33,25,25,26
1077,BUS,572,801,38,20,20,10
1213,CDE,10,10,26,25,23,19
1217,CDE,10,20,26,25,0,0
1214,CDE,10,30,26,25,23,16
1224,CDE,10,810,450,25,25,24
1218,CDE,10,811,450,22,20,2
1228,CDE,115,10,22,20,16,18
1229,CDE,115,20,22,20,16,19
3175,CDE,115,610,22,20,16,17
1207,CDE, 130CPVL,10,26,20,11,17
1209,CDE, 130CPVL,019H,22,20,5,5
1189,CDE, 130CPVL,20,22,20,11,12
1188,CDE, 130CPVL,30,22,20,16,19
1191,CDE,151,10,22,20,16,17
1225,CDE,151,20,22,20,16,17
1226,CDE,151,30,22,20,16,17
3174,CDE,220,15,25,35,11,15
3462,CDE,220,16,25,16,17,18
3220,CDE,220,019H,25,5,5,5
3463,CDE,220,029H,25,16,3,2
1219,CDE,238,10,25,21,18,20
1221,CDE,238,30,26,21,18,19
1222,CDE,238,40,22,20,18,18
1220,CDE,238,610,26,21,18,18
1192,CDE,241,10,25,21,18,18
1193,CDE,241,20,26,21,18,20
1194,CDE,241,30,25,21,18,18
3173,CDE,241,40,26,21,18,18
3418,CDE,271,10,33,40,20,2
3419,CDE,271,20,33,40,20,2
1195,CDE,276,10,26,25,18,19
1215,CDE,276,20,22,20,18,19
1227,CDE,276,30,26,25,18,19
3172,CDE,276,40,22,20,18,19
1233,CDE,346,16,26,24,20,17
1196,CDE,361,15,25,20,18,22
1197,CDE,364,15,22,20,18,22
1210,CDE,366,15,26,24,20,25
1198,CDE,367,16,25,20,18,22
1199,CDE,374,16,22,20,18,20
1223,CDE,381,16,22,20,18,22
3510,CDE,381,26,22,20,18,17
1200,CDE,382,15,22,20,18,21
3511,CDE,382,25,22,20,18,18
1201,CDE,383,15,25,20,16,22
1202,CDE,384,16,25,20,18,21
1203,CDE,385,15,26,24,21,20
1204,CDE,386,16,26,24,21,21
1205,CDE,387,15,26,20,18,16
1206,CDE,389,16,26,20,18,17
3598,CDE,394,970,,40,0,6
3599,CDE,394,971,,40,0,8
1235,CDE,398,810,150,25,18,41
1211,CDE,501,801,25,10,10,0
1211,CDE,501,801,25,10,10,0
3176,CDE,502,801,22,10,10,9
3176,CDE,502,801,22,10,10,9
1212,CDE,506,801,25,10,10,0
1212,CDE,506,801,25,10,10,0
1216,CDE,516,801,22,10,10,9
1216,CDE,516,801,22,10,10,9
1253,CDH, 150CD,810,450,120,100,100
1254,CDH,550,801,450,5,5,0
2725,CFT, 121VL,10,24,20,20,20
3313,CFT, 121VL,610,24,20,20,20
2734,CFT, 131VL,10,35,20,20,14
2734,CFT, 131VL,10,20,20,20,14
2729,CFT, 141VL,10,35,25,20,15
2729,CFT, 141VL,10,20,25,20,15
2740,CFT,271,10,21,21,20,3
2737,CFT,271,20,,21,20,0
2722,CFT, 321CT,10,24,20,20,8
2706,CFT,322,10,24,20,20,6
2707,CFT,323,10,24,20,20,1
3580,CFT,323,990,,20,0,1
2708,CFT,324,10,24,20,20,0
3581,CFT,324,990,,20,0,1
2709,CFT,325,10,24,20,20,3
2723,CFT, 331CT,10,35,20,20,2
2723,CFT, 331CT,10,20,20,20,2
2710,CFT,332,10,35,20,20,3
2710,CFT,332,10,20,20,20,3
2711,CFT,333,10,20,20,20,1
2711,CFT,333,10,35,20,20,1
2712,CFT,334,10,35,20,20,0
2712,CFT,334,10,20,20,20,0
2713,CFT,335,10,35,20,20,0
2713,CFT,335,10,20,20,20,0
2741,CFT, 341CT,610,20,20,20,7
2741,CFT, 341CT,610,20,20,20,7
2714,CFT,342,610,20,20,20,1
2714,CFT,342,610,35,20,20,1
2738,CFT,343,610,20,20,20,4
2738,CFT,343,610,20,20,20,4
2715,CFT,344,610,20,20,20,4
2715,CFT,344,610,20,20,20,4
2716,CFT,345,610,20,20,20,1
2716,CFT,345,610,20,20,20,1
2724,CFT, 361CT,10,24,22,18,8
2717,CFT,362,10,24,22,18,4
2718,CFT,363,10,24,22,18,1
2719,CFT,364,10,24,22,18,2
2720,CFT,365,10,24,22,18,0
3579,CFT,377,960,,40,0,2
3530,CFT,542,101,35,20,20,0
3530,CFT,542,101,20,20,20,0
3526,CFT,542,601,20,20,20,1
3526,CFT,542,601,20,20,20,1
3528,CFT,543,101,24,20,20,0
1823,CHI,101,10,38,32,25,10
1824,CHI,103,10,25,25,25,4
2031,CHM,51,10,175,175,120,120
1992,CHM,100,10,137,137,60,35
1994,CHM,100,11,20,20,15,13
2028,CHM,100,12,20,20,15,11
2026,CHM,100,13,20,20,15,9
1998,CHM,100,14,20,18,0,0
1993,CHM,100,20,137,137,60,31
1996,CHM,100,21,20,20,15,7
1997,CHM,100,22,20,20,15,7
1999,CHM,100,23,20,20,15,11
2000,CHM,100,24,20,18,0,0
2027,CHM,100,25,20,20,15,6
2032,CHM,100,326,20,20,15,0
1995,CHM,100,415,20,20,15,2
2001,CHM,102,10,137,137,32,33
2002,CHM,102,11,20,20,16,17
2003,CHM,102,12,20,20,0,0
2004,CHM,102,213,20,20,16,16
2023,CHM,204,10,70,70,24,26
2025,CHM,204,11,16,16,12,13
2024,CHM,204,12,16,16,12,13
2010,CHM, 214VL,10,198,198,84,85
2011,CHM, 214VL,11,16,16,14,16
2012,CHM, 214VL,12,16,16,14,14
2013,CHM, 214VL,13,16,16,14,14
2014,CHM, 214VL,14,16,16,14,13
2022,CHM, 214VL,15,16,16,14,14
2015,CHM, 214VL,316,16,16,14,14
2029,CHM, 216WI,10,48,48,8,11
2030,CHM, 216WI,11,16,16,8,11
2016,CHM, 230QLWI,10,48,48,20,28
2017,CHM, 230QLWI,11,18,16,10,14
2018,CHM, 230QLWI,12,18,16,10,14
2005,CHM,310,10,80,80,32,40
2006,CHM,310,11,24,24,16,20
2008,CHM,310,12,,24,16,0
2007,CHM,310,13,24,24,16,20
2009,CHM,314,10,48,48,28,28
2021,CHM,314,11,18,18,14,14
2033,CHM,314,414,18,40,14,14
2019,CHM,320,10,48,48,14,16
2020,CHM,320,11,16,16,14,16
3543,CHM,370,960,,40,0,1
3544,CHM,371,960,,40,0,1
1549,CMP,100,019H,40,24,0,0
1547,CMP,100,20,28,24,0,0
1548,CMP,100,21,40,24,0,0
1583,CMP,100,24,35,24,0,0
1551,CMP,100,30,36,24,0,0
3129,CMP,100,31,29,24,0,0
1552,CMP,100,32,34,24,0,0
1596,CMP,100,33,28,24,0,0
1578,CMP,100,34,39,24,0,0
1601,CMP,100,35,40,24,0,0
3142,CMP,100,36,33,24,0,0
3143,CMP,100,40,33,24,0,0
1553,CMP,100,41,40,24,0,0
1563,CMP,100,42,32,24,0,0
3130,CMP,100,43,28,24,0,0
1557,CMP,100,51,40,24,0,0
1556,CMP,100,52,35,24,0,0
1615,CMP,100,53,40,24,0,0
1558,CMP,100,54,54,24,0,0
1589,CMP,100,55,34,24,0,0
3367,CMP,100,56,40,24,0,0
1590,CMP,100,60,34,24,22,22
1560,CMP,100,61,34,24,0,0
1561,CMP,100,62,35,24,24,24
1604,CMP,100,64,40,24,0,0
3368,CMP,100,65,40,24,0,0
1565,CMP,100,70,39,24,0,0
3117,CMP,100,90,28,24,0,0
1567,CMP,100,91,39,24,0,0
3369,CMP,100,92,40,24,0,0
1568,CMP,100,110,35,24,0,0
1579,CMP,100,112,23,24,0,0
1616,CMP,100,113,40,24,0,0
3119,CMP,100,114,39,24,24,24
3370,CMP,100,115,40,24,0,0
1570,CMP,100,120,35,24,0,0
1580,CMP,100,121,23,24,0,0
3120,CMP,100,122,40,24,0,0
1569,CMP,100,131,40,24,24,24
3371,CMP,100,132,40,24,0,0
1562,CMP,100,810,450,24,0,3
1607,CMP,200,30,40,40,24,24
3147,CMP,200,31,40,40,24,24
1588,CMP,200,40,40,40,24,24
1591,CMP,200,50,23,24,0,0
3500,CMP,200,51,28,24,0,0
1581,CMP,200,70,30,40,24,24
3499,CMP,200,71,39,40,0,0
1587,CMP,200,079H,23,40,23,8
3573,CMP,200,81,40,40,24,24
3110,CMP,200,93,34,40,24,24
3112,CMP,200,94,40,40,24,24
1573,CMP,200,099H,23,40,23,7
1586,CMP,200,111,34,40,24,24
3127,CMP,200,112,39,40,24,24
1585,CMP,200,120,39,40,24,24
3131,CMP,200,121,25,40,24,24
3111,CMP,200,123,35,40,24,24
1605,CMP,200,124,34,40,24,24
3574,CMP,200,125,40,40,24,24
1582,CMP,200,130,34,40,24,24
1576,CMP,200,810,,40,24,24
3113,CMP,200,811,,40,24,24
3146,CMP,200,813,,40,24,24
1599,CMP,201,10,29,22,24,24
1600,CMP,201,20,29,22,24,24
3345,CMP,201,30,35,22,24,24
3346,CMP,201,40,29,22,24,24
3434,CMP,201,50,35,40,24,24
1609,CMP,202,10,35,30,24,24
1610,CMP,202,20,48,30,24,24
1611,CMP,202,30,,30,24,0
3085,COM,10,019H,42,25,25,13
3080,COM,10,20,36,25,25,25
3081,COM,10,21,48,25,25,25
3082,COM,10,30,36,25,25,25
3083,COM,10,31,48,25,25,25
3084,COM,10,40,42,25,0,4
3086,COM,10,51,36,25,25,25
3087,COM,10,52,40,25,25,25
3088,COM,10,60,36,25,25,25
3089,COM,10,61,40,25,25,25
3605,COM,10,80,42,25,25,25
3063,COM,10,110,40,25,25,25
3064,COM,10,120,40,25,25,25
3054,COM,10,121,42,25,25,25
3604,COM,10,122,40,25,25,25
3603,COM,10,130,40,25,25,18
3047,COM,10,810,450,25,25,25
3048,COM,10,811,450,25,25,23
3049,COM,10,812,,25,25,0
3050,COM,10,813,450,25,25,11
3079,COM,10,814,450,25,25,25
2497,COM,10,817,450,25,25,22
3065,COM,105,110,40,25,25,25
3070,COM,105,120,40,25,25,25
2524,COM,130,810,,25,35,24
3051,COM,130,811,,25,35,0
3072,COM,130,812,,25,30,19
2485,COM,140,810,450,100,100,35
2529,COM,170,810,450,40,35,35
3067,COM,170,811,450,25,30,22
2487,COM,201,110,35,25,25,14
3066,COM,201,120,35,25,25,25
3059,COM, 210CT,810,450,25,35,31
3060,COM, 212CT,810,450,35,35,35
3061,COM, 212CT,811,450,35,35,5
2486,COM, 215CM,810,450,25,35,35
3057,COM, 215CM,811,450,25,35,35
2527,COM,235,810,450,25,35,36
3069,COM,237,110,35,25,25,23
2534,COM, 240CTWI,110,42,25,25,15
2515,COM, 240CTWI,120,42,25,25,20
2536,COM,243,110,25,25,25,15
2488,COM, 245CM,810,450,30,35,23
2533,COM, 245CM,811,,30,35,0
3053,COM, 248CDCM,810,,25,35,23
3078,COM,261,810,,40,48,10
3062,COM,271,810,35,25,25,11
3056,COM,274,810,450,25,35,13
2535,COM,285,810,,25,35,0
3071,COM,305,110,25,25,25,25
3058,COM, 313CD,810,450,25,25,18
3075,COM,314,810,,25,25,20
3517,COM,314,811,450,40,25,17
3073,COM,315,110,40,25,30,17
2528,COM, 319CT,810,450,25,35,23
2492,COM,321,810,35,25,35,24
2530,COM, 340CTWI,810,450,25,25,25
2531,COM, 340CTWI,811,450,25,25,21
2521,COM, 350CT,810,,25,35,17
3077,COM,370,10,,25,30,0
2493,COM,380,810,450,25,25,12
2526,COM,380,811,450,25,25,13
1255,COU,507,101,48,40,20,20
1261,COU,507,102,38,40,20,20
1271,COU,507,103,40,40,20,21
1270,COU,518,101,,40,20,3
1275,COU,518,102,38,40,20,12
1272,COU,519,102,35,23,20,13
1274,COU,519,801,30,23,20,14
1264,COU,522,101,48,23,20,20
2981,COU,522,102,48,23,20,20
1256,COU,530,101,30,18,18,16
1263,COU,530,102,48,18,18,7
2989,COU,530,103,40,23,20,11
1276,COU,532,101,48,40,20,16
1257,COU,535,101,41,40,20,20
1265,COU,535,102,35,23,20,20
1262,COU,546,102,48,18,18,12
1269,COU,546,103,48,23,18,18
1258,COU,548,101,48,40,20,20
1268,COU,548,102,35,23,20,6
2986,COU,548,103,38,23,0,1
2991,COU,558,101,40,40,20,10
2987,COU,562,102,30,40,20,20
2988,COU,562,103,32,40,20,20
2990,COU,573,101,48,30,20,16
2992,COU,575,101,41,30,20,19
1259,COU,590,101,16,40,0,9
1260,COU,590,102,32,40,0,10
1278,COU,590,103,48,1,0,9
1266,COU,594,102,41,1,0,11
1267,COU,594,103,35,1,0,11
1280,COU,594,105,35,1,0,12
3260,CRJ,10,10,48,25,0,2
1316,CRJ,10,20,40,35,35,35
1315,CRJ,10,30,48,25,0,8
1324,CRJ,10,40,48,35,25,23
1299,CRJ,10,50,38,25,0,3
3261,CRJ,10,810,,35,35,28
3285,CRJ,101,10,30,30,30,18
1329,CRJ,101,20,48,35,35,30
1318,CRJ,121,10,48,35,32,32
1301,CRJ,121,20,48,35,35,18
3262,CRJ,121,30,48,35,35,22
1320,CRJ,170,10,35,35,35,35
1303,CRJ,175,10,38,35,35,32
1313,CRJ,175,20,35,35,35,25
3263,CRJ,175,30,38,35,35,21
3273,CRJ,182,10,35,35,35,28
1332,CRJ,190,810,,35,35,35
3265,CRJ,210,10,38,35,35,33
3286,CRJ,215,10,25,25,25,25
1327,CRJ, 221CM,10,30,30,30,21
1317,CRJ, 221CM,810,,35,35,35
3267,CRJ,250,10,40,35,35,20
3266,CRJ,250,20,38,35,35,17
1305,CRJ,250,810,,35,35,16
1322,CRJ,270,10,48,35,35,20
1306,CRJ,270,20,48,35,35,24
3471,CRJ,271,210,30,30,30,19
3472,CRJ,272,810,,30,30,6
3268,CRJ,274,10,35,35,35,34
3228,CRJ,301,10,40,35,35,36
1321,CRJ, 362CPWI,10,38,20,20,10
1308,CRJ, 362CPWI,20,40,20,20,20
1314,CRJ, 362CPWI,30,38,20,20,20
1298,CRJ, 362CPWI,40,48,20,20,20
3385,CRJ,370,10,48,35,35,35
1312,CRJ, 380CTWI,10,40,12,12,13
1300,CRJ, 380CTWI,20,35,12,12,13
1337,CRJ, 380CTWI,30,35,12,12,12
2949,CSC,5,10,29,29,25,17
1391,CSC,101,810,29,29,22,24
1392,CSC,101,811,29,29,22,25
1344,CSC,111,10,29,29,25,25
1358,CSC, 125CT,10,41,30,20,10
1359,CSC, 125CT,20,41,30,20,23
1348,CSC,135,10,29,28,18,18
1346,CSC,135,20,29,28,18,6
1373,CSC,135,21,28,28,18,0
1347,CSC,135,30,29,28,18,11
1368,CSC,135,40,28,28,0,0
1382,CSC,135,049H,28,25,0,0
1360,CSC, 136CP,10,28,25,18,16
1367,CSC, 136CP,20,29,25,18,17
3033,CSC,150,10,41,30,20,11
3034,CSC,150,20,41,30,20,11
3035,CSC,150,30,28,30,0,0
3407,CSC,150,039H,28,30,0,5
1376,CSC, 220CPVL,10,29,28,20,25
1377,CSC, 220CPVL,20,29,28,20,26
1370,CSC,223,10,29,29,18,15
1393,CSC,223,20,29,29,18,18
1355,CSC,225,10,41,35,28,24
1349,CSC,235,10,29,28,18,18
1384,CSC,235,20,29,28,18,19
1350,CSC,237,10,41,28,18,17
1375,CSC,237,20,41,28,18,14
1351,CSC,242,10,29,28,18,19
1366,CSC,242,20,29,28,18,19
1381,CSC,253,10,29,28,18,4
1357,CSC,253,20,29,28,18,13
1352,CSC,311,10,29,28,18,25
1356,CSC,311,20,29,28,18,24
1394,CSC,320,10,29,29,25,25
3032,CSC,325,10,41,30,20,12
3482,CSC,328,10,29,40,20,22
3483,CSC,328,20,29,40,20,25
1353,CSC,341,10,28,28,23,25
1365,CSC,341,20,28,28,23,26
1354,CSC,343,10,29,28,20,23
1363,CSC, 354WI,10,29,25,12,13
1361,CSC, 354WI,20,29,25,8,10
1389,CSC, 354WI,029H,29,25,4,3
1386,CSC, 354WI,30,29,25,12,14
1364,CSC, 355WI,10,28,20,0,12
3408,CSC, 355WI,019H,28,40,0,3
1369,CSC, 355WI,20,28,20,0,17
1395,CSC, 355WI,30,28,20,0,17
3040,CSC,421,401,29,29,25,6
3038,CSC,421,410,29,29,20,5
1380,CSC,441,10,29,28,18,10
1379,CSC,441,101,29,28,18,1
3590,CSC,447,900,,16,0,1
3039,CSC,459,10,29,29,20,11
3041,CSC,459,101,29,29,25,9
3042,CSC,520,301,29,29,25,12
3043,CSC,523,201,29,29,25,15
2948,CSC,556,501,29,29,20,5
3477,CSC,599,908,,40,0,1
2911,CTM,10,810,176,25,30,18
2910,CTM,10,811,176,25,30,25
2912,CTM,50,10,24,20,24,14
2913,CTM,50,20,24,20,24,24
2926,CTM,55,10,40,20,24,13
2930,CTM,55,20,40,20,24,20
2914,CTM,  70WI,810,176,25,25,27
2916,CTM, 130CTVL,810,450,35,35,19
2915,CTM, 130CTVL,811,176,40,40,40
2932,CTM,160,10,40,40,20,24
2931,CTM,160,20,40,20,20,22
2924,CTM,205,10,24,24,24,20
2927,CTM,205,20,33,20,20,20
2917,CTM,206,810,450,35,35,35
2919,CTM,218,10,40,40,20,21
2920,CTM,220,810,450,35,35,23
3509,CTM,262,810,,30,0,0
3608,CTM,270,810,176,40,0,0
3314,CTM,271,10,33,20,20,18
3315,CTM,271,20,33,20,20,18
2929,CTM,350,10,24,24,24,24
2921,CTM, 365CP,810,33,20,20,15
2923,CTM,375,10,24,40,24,15
3164,CTM,375,20,33,20,20,17
3589,CTM,379,960,,40,0,1
2922,CTM,380,810,,40,40,40
3606,CTM,390,970,,40,0,4
1103,ECO,10,10,40,20,35,33
1113,ECO,10,20,40,20,35,35
2958,ECO,10,30,,20,20,0
3436,ECO,11,10,,35,35,0
1102,ECO,11,20,70,50,35,35
1104,ECO,11,30,70,40,40,24
1105,ECO,11,40,70,40,40,13
1106,ECO,11,50,70,50,35,16
1115,ECO,11,80,70,40,40,18
1112,ECO,11,810,70,40,40,1
1098,ECO,12,10,70,40,40,40
1099,ECO,12,20,54,40,40,13
1111,ECO,12,30,40,40,40,4
1100,ECO,12,50,40,40,40,8
1108,ECO,12,810,,25,25,25
1101,ECO,205,10,,25,25,0
1114,ECO,210,10,40,25,25,22
2959,ECO,310,10,,20,20,0
1110,ECO, 360CD,20,40,35,35,35
1109,ECO, 360CD,810,,25,25,28
2399,EDD,701,801,,30,0,0
2400,EDD,702,801,,30,0,13
2401,EDD,720,801,,30,0,0
2405,EDD,722,801,32,30,0,10
2405,EDD,722,801,,30,0,10
2405,EDD,722,801,,30,0,10
2405,EDD,722,801,32,30,0,10
2405,EDD,722,801,32,30,0,10
2405,EDD,722,801,32,30,0,10
2405,EDD,722,801,32,30,0,10
2405,EDD,722,801,,30,0,10
2406,EDD,724,801,32,30,0,10
2406,EDD,724,801,32,30,0,10
2406,EDD,724,801,32,30,0,10
2406,EDD,724,801,32,30,0,10
2403,EDD,791,802,,30,0,5
2404,EDD,791,803,,30,0,4
3417,EDD,791,804,,30,0,4
1496,EDU, 100CT,10,56,35,35,25
1497,EDU, 100CT,20,56,35,35,1
1503,EDU, 100CT,30,99,35,35,13
3305,EDU, 101CTWI,10,40,65,35,20
3306,EDU, 101CTWI,20,40,65,35,6
3307,EDU, 101CTWI,30,50,65,35,4
3386,EDU, 150CD,10,99,35,35,35
3387,EDU, 150CD,20,40,35,35,35
3489,EDU,395,960,,40,0,1
1504,EDU,434,801,450,25,23,9
1505,EDU,434,810,450,25,23,8
1498,EDU,526,801,,23,0,11
1506,EDU,528,801,,40,23,17
1507,EDU,562,801,40,25,23,23
1507,EDU,562,801,40,25,23,23
1507,EDU,562,801,40,25,23,23
1507,EDU,562,801,40,25,23,23
1507,EDU,562,801,40,25,23,23
1507,EDU,562,801,40,25,23,23
1507,EDU,562,801,40,25,23,23
1507,EDU,562,801,40,25,23,23
1499,EDU,592,101,,23,0,11
1501,EDU,597,101,56,23,0,0
1406,EEU,202,20,32,32,32,32
1405,EEU,202,810,,32,32,29
1407,EEU,209,10,32,32,24,23
1408,EEU,209,20,32,32,24,22
1409,EEU,209,30,32,32,24,24
1418,EEU, 211CD,10,99,35,32,33
1420,EEU, 211CD,20,32,32,30,26
3309,EEU, 211CD,820,,32,0,0
1455,EEU,215,10,40,40,32,16
1457,EEU,215,20,50,50,32,32
1456,EEU,215,30,40,40,32,33
1421,EEU, 220VL,10,32,32,29,22
1422,EEU, 220VL,20,32,32,29,29
3308,EEU, 220VL,820,,32,0,0
1410,EEU,225,10,32,32,25,23
1452,EEU,236,10,24,20,20,1
1453,EEU,236,20,24,20,20,1
1454,EEU,236,30,24,20,20,1
1461,EEU,236,610,24,20,20,0
1423,EEU,300,10,32,32,25,24
1460,EEU,300,20,32,32,25,16
3446,EEU,301,931,40,1,0,23
1424,EEU,301,932,32,20,0,23
1425,EEU,301,934,50,20,0,22
1426,EEU,301,938,32,20,0,19
3447,EEU, 303WI,931,32,1,0,23
1427,EEU, 303WI,932,32,20,0,23
1428,EEU, 303WI,934,32,20,0,22
1429,EEU, 303WI,938,23,20,0,19
3448,EEU,304,931,32,1,0,23
1430,EEU,304,932,22,20,0,22
1431,EEU,304,934,22,20,0,22
1432,EEU,304,938,22,20,0,19
1462,EEU,305,20,24,24,20,22
3449,EEU, 306WI,931,32,1,0,23
1433,EEU, 306WI,932,22,20,0,22
1434,EEU, 306WI,934,32,20,0,22
1435,EEU, 306WI,938,23,20,0,19
3450,EEU,309,931,32,1,0,23
1436,EEU,309,932,32,20,0,23
1437,EEU,309,934,32,20,0,22
1438,EEU,309,938,32,20,0,19
1411,EEU,325,10,50,35,30,17
1412,EEU,390,15,,99,99,17
1450,EEU,390,25,,40,0,0
1413,EEU,390,35,,32,0,0
1414,EEU,390,45,,32,0,0
1469,EEU,390,65,,40,0,0
3380,EEU,390,75,22,40,0,0
1415,EEU,391,16,,99,99,13
1451,EEU,391,26,,40,0,0
1416,EEU,391,36,,32,0,0
1417,EEU,391,46,,32,0,0
1470,EEU,391,66,,40,0,0
3381,EEU,391,76,,40,0,0
1449,EEU,415,801,,40,23,13
3382,EEU,415,810,,40,40,0
1448,EEU,505,801,,40,30,13
1439,EEU,596,101,,30,30,13
1442,EEU,596,102,,30,0,0
1458,EEU,596,103,,30,0,0
1471,EEU,596,104,,30,0,0
1440,EEU,597,101,,30,30,13
1441,EEU,597,102,,30,0,0
1459,EEU,597,103,,30,0,0
1472,EEU,597,104,,30,0,0
3023,EGR,121,10,24,40,10,11
3024,EGR,130,10,80,40,20,15
1480,ELU, 221VL,810,32,32,32,19
3329,ELU,226,10,32,30,32,22
1479,ELU, 342WI,935,32,40,0,9
1475,ELU,344,935,22,30,0,7
1474,ELU, 346WI,935,24,30,0,10
1476,ELU,347,935,24,30,0,9
1477,ELU,349,935,24,30,0,9
1482,ELU,353,10,50,30,20,17
1490,ELU,392,15,,40,40,0
3561,ELU,392,25,,40,0,1
3562,ELU,392,35,,40,0,0
3563,ELU,392,45,32,40,0,0
3564,ELU,392,65,,40,0,0
3565,ELU,392,75,,40,0,0
1473,ELU,393,16,,50,40,0
1478,ELU,393,26,,20,0,1
1485,ELU,393,36,,20,0,0
1487,ELU,393,46,32,20,0,0
3566,ELU,393,66,,40,0,0
3567,ELU,393,76,,40,0,0
1486,ELU,532,801,24,30,24,8
1486,ELU,532,801,24,30,24,8
1486,ELU,532,801,24,30,24,8
1486,ELU,532,801,24,30,24,8
1486,ELU,532,801,24,30,24,8
3560,ELU,595,101,,30,30,1
1483,ELU,595,102,23,30,0,0
1488,ELU,595,103,32,30,0,0
1481,ELU,596,101,396,30,30,1
1484,ELU,596,102,23,30,0,0
1489,ELU,596,103,32,30,0,0
3149,ENG,  10CT,10,40,39,30,30
3372,ENG,  10CT,20,,39,30,0
1621,ENG,100,10,40,25,10,10
3420,ENG,100,20,25,30,10,10
1624,ENG, 101CDCT,10,39,34,25,29
3016,ENG, 102CDCT,810,,32,30,30
1631,ENG, 105CDCT,20,33,30,25,27
1619,ENG, 106CDCT,10,39,32,25,24
3000,ENG,107,10,28,40,25,18
3121,ENG, 108CTWI,019H,39,40,25,12
3572,ENG,110,810,,39,39,14
1626,ENG, 119CTVL,10,40,30,25,25
3397,ENG, 132CDCT,10,35,40,25,25
1618,ENG, 137CDCT,10,,35,30,0
3010,ENG, 141CTVL,10,40,35,30,30
1649,ENG,171,10,33,40,30,24
3153,ENG,180,10,32,40,25,25
3004,ENG,200,10,23,40,25,22
3429,ENG,254,10,48,40,30,2
3005,ENG, 265CPWI,10,23,40,25,14
3012,ENG,271,10,,40,25,0
3008,ENG,272,10,39,40,25,20
3362,ENG,314,810,,40,25,6
3518,ENG,314,811,450,40,25,8
3017,ENG, 317CTWI,10,40,30,25,25
1620,ENG, 331CTWI,10,39,40,25,17
1625,ENG,333,10,25,40,25,12
3007,ENG, 341CDWI,10,35,30,25,10
3015,ENG,347,10,25,40,25,11
1628,ENG,349,10,40,27,25,24
3128,ENG,358,10,25,40,24,24
3154,ENG,359,10,40,40,25,19
3011,ENG,361,10,39,40,25,22
3583,ENG,371,960,,40,0,1
3607,ENG, 379CTWI,990,,27,0,1
3003,ENG,380,10,23,30,20,18
3006,ENG,502,101,30,40,15,5
3144,ENG,557,101,24,40,15,5
3126,ENG,593,101,40,40,15,7
2668,ENV,100,10,48,40,24,7
2668,ENV,100,10,48,40,24,7
2668,ENV,100,10,48,40,24,7
2669,ENV,100,11,24,24,24,7
2669,ENV,100,11,24,24,24,7
2669,ENV,100,11,24,24,24,7
2670,ENV,210,10,24,24,24,10
2671,ENV,210,11,24,24,24,10
2672,ENV,224,10,170,96,80,7
2675,ENV,224,11,24,24,20,3
2673,ENV,224,12,24,24,20,3
2676,ENV,224,13,24,24,20,1
2674,ENV,224,14,24,24,20,0
3423,ERS,504,801,32,25,23,10
3423,ERS,504,801,32,25,23,10
3423,ERS,504,801,32,25,23,10
3423,ERS,504,801,32,25,23,10
3423,ERS,504,801,32,25,23,10
3424,ERS,506,105,32,20,23,2
3425,ERS,506,873,,20,23,1
3426,ERS,514,801,32,40,23,14
3426,ERS,514,801,32,40,23,14
3426,ERS,514,801,32,40,23,14
3426,ERS,514,801,32,40,23,14
3426,ERS,514,801,32,40,23,14
3427,ERS,514,806,32,40,23,0
3428,ERS,577,801,32,15,23,13
3428,ERS,577,801,32,15,23,13
3428,ERS,577,801,32,15,23,13
3428,ERS,577,801,32,15,23,13
3428,ERS,577,801,32,15,23,13
2765,FAR,15,10,22,22,21,6
2766,FAR,15,20,22,22,21,6
2769,FAR,15,30,22,22,21,1
2772,FAR,15,40,22,22,21,3
2774,FAR,15,50,22,22,21,1
2779,FAR,15,60,22,22,21,5
2780,FAR,15,70,22,22,21,2
2775,FAR,16,10,22,22,20,3
2784,FAR,16,20,22,22,20,11
2763,FAR,111,10,22,20,20,15
2764,FAR,111,610,22,20,20,14
2760,FAR,141,10,20,20,20,19
2762,FAR,151,10,22,20,20,20
2773,FAR,151,20,22,20,20,20
3248,FAR,151,610,22,20,20,20
2759,FAR,161,10,19,20,18,17
2759,FAR,161,10,24,20,18,17
2758,FAR,162,20,19,18,18,18
3195,FAR,162,610,19,18,18,18
2767,FAR,162,810,,18,18,18
2761,FAR,171,10,18,16,16,14
2787,FAR,171,610,18,16,16,8
2771,FAR, 182CP,810,22,20,19,10
2785,FAR, 182CP,811,26,25,20,11
3337,FAR,337,10,19,18,18,11
3337,FAR,337,10,24,18,18,11
3338,FAR,338,10,19,18,18,3
3338,FAR,338,10,24,18,18,3
3339,FAR,339,10,19,18,18,5
3339,FAR,339,10,24,18,18,5
2825,FAS,230,10,22,22,20,12
2826,FAS,231,10,22,22,20,8
2827,FAS,232,10,22,22,20,0
2828,FAS,233,10,22,22,20,0
2829,FAS,234,10,22,22,20,0
2798,FAS,310,10,22,20,20,7
3534,FAS,310,20,22,20,20,3
2809,FAS,311,10,22,20,20,4
3535,FAS,311,20,22,20,20,2
2810,FAS,312,10,22,20,20,2
3536,FAS,312,20,22,20,20,2
2811,FAS,313,10,22,20,20,5
3537,FAS,313,20,22,20,20,0
3578,FAS,313,990,,20,0,1
2812,FAS,314,10,22,20,20,2
3538,FAS,314,20,22,20,20,2
2813,FAS,315,10,22,20,20,0
3539,FAS,315,20,22,20,20,0
2819,FAS,320,10,22,20,18,14
2820,FAS,321,10,22,20,18,1
2821,FAS,322,10,22,20,18,0
2823,FAS,323,10,22,20,18,0
2822,FAS,324,10,22,20,18,0
2824,FAS,325,10,22,20,18,0
2796,FAS,340,10,20,18,18,8
2799,FAS,341,10,20,18,18,4
2800,FAS,342,10,20,18,18,1
2801,FAS,343,10,20,18,18,0
2802,FAS,344,10,20,18,18,0
2803,FAS,345,10,20,18,18,0
2795,FAS,360,10,19,18,18,9
2795,FAS,360,10,24,18,18,9
2814,FAS,361,10,19,18,18,6
2814,FAS,361,10,24,18,18,6
2815,FAS,362,10,19,18,18,1
2815,FAS,362,10,24,18,18,1
2816,FAS,363,10,24,18,18,1
2816,FAS,363,10,19,18,18,1
2817,FAS,364,10,19,18,18,0
2817,FAS,364,10,24,18,18,0
2818,FAS,365,10,24,18,18,0
2818,FAS,365,10,19,18,18,0
2797,FAS,370,10,18,16,16,4
2804,FAS,371,10,18,16,16,3
2805,FAS,372,10,18,16,16,1
2806,FAS,373,10,18,16,16,2
2807,FAS,374,10,18,16,16,2
3504,FAS,374,990,,16,0,1
2808,FAS,375,10,18,16,16,1
1129,FIN,200,310,32,30,30,12
1118,FIN, 350QL,10,30,35,30,30
1119,FIN, 350QL,20,39,35,30,30
1128,FIN, 350QL,30,40,35,30,11
1132,FIN, 350QL,50,36,30,30,26
1120,FIN, 350QL,810,,35,30,18
1126,FIN,351,10,30,30,30,26
1121,FIN,351,20,30,30,30,23
2998,FIN,352,10,,30,30,0
1122,FIN,354,810,40,30,30,39
3470,FIN,355,10,54,30,30,20
1124,FIN,360,810,39,30,30,30
1117,FIN,363,10,39,30,30,29
1131,FIN,363,20,39,30,30,16
1130,FIN,365,10,40,30,30,29
3435,FIN, 375CTWI,310,24,1,1,10
1125,FIN, 375CTWI,319H,24,10,0,1
3288,FIN,385,10,,30,30,0
3437,FIN,386,10,40,304,30,17
1825,FRE,101,810,450,25,25,23
1826,FRE,102,810,450,25,25,9
1827,FRE,103,810,450,25,25,9
3156,FRE,104,810,450,25,25,6
3388,FYS,100,019H,99,30,30,4
3199,FYS,100,1010,40,30,30,19
1186,FYS,100,1020,40,30,30,22
1185,FYS,100,1110,40,30,30,30
2993,FYS,100,1120,40,30,30,30
2994,FYS,100,1130,81,30,30,30
2995,FYS,100,1140,81,30,30,30
2996,FYS,100,1150,81,30,30,30
3319,FYS,100,2110,,30,30,0
2966,FYS,100,2210,25,30,25,25
3317,FYS,100,2410,50,30,30,10
3318,FYS,100,2420,48,30,30,27
3412,FYS,100,3010,450,30,30,13
3414,FYS,100,3020,44,30,30,8
3415,FYS,100,3030,44,30,30,1
3171,FYS,100,3110,70,30,30,30
3240,FYS,100,3120,80,30,30,4
3135,FYS,100,3410,30,30,6,6
3136,FYS,100,3420,30,30,30,30
3137,FYS,100,3430,35,30,6,4
2367,FYS,100,3510,41,30,30,4
3366,FYS,100,3520,41,30,30,3
3365,FYS,100,3530,80,30,30,2
3340,FYS,100,3610,34,30,30,6
3341,FYS,100,3620,34,30,30,4
3026,FYS,100,3810,30,30,30,2
2105,FYS,100,4010,33,30,30,30
3236,FYS,100,4020,33,30,30,30
3031,FYS,100,4030,48,30,30,20
2106,FYS,100,4110,35,30,30,10
2107,FYS,100,4120,35,30,30,23
3374,FYS,100,4130,40,30,30,8
3300,FYS,100,4210,41,30,30,21
3301,FYS,100,4220,48,30,30,4
3302,FYS,100,4230,,30,30,0
3303,FYS,100,4240,,30,30,0
2363,FYS,100,4310,41,30,30,30
2364,FYS,100,4320,30,30,30,30
2365,FYS,100,4330,40,30,30,10
2366,FYS,100,4340,35,30,30,24
3256,FYS,100,5015,30,30,30,26
3257,FYS,100,5025,30,30,30,3
3068,FYS,100,5410,35,30,30,4
3074,FYS,100,5420,48,25,30,14
3321,FYS,100,5510,24,30,24,22
3389,FYS,100,6110,,30,0,1
3390,FYS,100,6120,,30,0,0
2368,GEG,10,10,80,80,20,21
2384,GEG,10,20,80,80,0,0
3520,GEG,10,990,,48,0,1
2370,GEG,  20CD,20,48,48,47,15
2953,GEG,  20CD,029H,48,20,20,7
2371,GEG,  20CD,30,48,47,47,14
2377,GEG,  20CD,40,24,24,0,0
2376,GEG,  20CD,810,24,24,24,5
2376,GEG,  20CD,810,24,24,24,5
2383,GEG,101,10,24,24,24,21
2385,GEG,110,10,48,40,17,18
2372,GEG,204,10,81,48,48,38
2373,GEG,204,11,24,24,24,23
2375,GEG,204,12,24,25,24,15
3502,GEG,204,990,,40,0,1
3503,GEG,204,991,,40,0,1
2381,GEG,210,10,35,35,34,15
2382,GEG,212,10,35,24,24,21
2952,GEG,223,10,24,18,18,7
2378,GEG, 274CPQL,10,48,48,48,23
2379,GEG, 274CPQL,11,24,22,22,22
3406,GEG, 274CPQL,12,24,24,24,1
2387,GEG, 274CPQL,30,24,20,20,9
2388,GEG, 274CPQL,31,24,20,20,9
2380,GEG, 330CPVL,10,25,25,24,20
2950,GEG,338,10,24,24,12,7
2374,GEG,375,10,25,25,15,13
3571,GEG,398,960,,40,0,1
2043,GEL,1,10,290,290,175,175
2063,GEL,20,11,24,24,24,11
2044,GEL,20,810,,290,24,11
2059,GEL,31,10,170,170,120,82
2062,GEL,50,810,,35,25,25
2045,GEL,100,10,70,70,48,24
2046,GEL,100,11,24,24,24,14
2047,GEL,100,12,24,24,24,10
2048,GEL,110,10,70,70,40,10
2049,GEL,110,11,24,24,20,4
2058,GEL,110,12,24,24,20,6
2052,GEL, 200VL,10,24,24,16,10
2053,GEL, 200VL,611,24,24,16,10
2050,GEL,210,10,24,24,24,8
2051,GEL,210,11,24,24,24,8
2060,GEL, 220CT,10,24,24,24,9
2061,GEL, 220CT,11,24,24,24,9
2054,GEL, 346WI,10,,24,24,0
2055,GEL, 346WI,11,,24,24,0
3601,GEL, 346WI,990,,40,0,1
3602,GEL, 346WI,991,,40,0,1
2056,GEL, 358CP,10,24,24,24,9
2057,GEL, 358CP,11,24,24,24,9
3486,GEL,368,960,,40,0,2
3585,GEL,368,961,,40,0,3
1829,GER,101,10,48,40,25,13
1833,GER,102,10,48,25,25,6
3029,GER,103,10,25,25,25,8
1831,GER,104,10,,40,25,0
1832,GER, 211WI,10,30,40,25,9
3028,GER,254,10,48,40,30,17
3027,GER,313,10,30,40,25,9
2432,HEA,102,10,198,150,90,16
2433,HEA,102,20,198,150,90,58
2434,HEA,102,30,175,150,90,9
1712,HIS,  14CD,10,,35,35,0
1713,HIS,  14CD,20,39,35,35,37
1714,HIS,  14CD,810,,35,25,32
1706,HIS,15,10,40,35,35,18
1707,HIS,15,20,40,35,35,35
1708,HIS,15,810,,35,35,20
1711,HIS,25,10,39,35,10,8
1709,HIS,25,810,81,70,20,20
3334,HIS,25,811,81,70,20,21
1718,HIS,26,10,39,35,10,10
1719,HIS,26,20,39,35,10,10
1738,HIS,33,10,81,70,70,51
1739,HIS,33,20,81,70,70,70
1727,HIS, 131CD,10,39,25,25,25
3342,HIS, 161CDCT,10,39,40,25,24
3332,HIS,227,10,39,25,25,25
3333,HIS,227,20,39,25,25,25
3330,HIS, 241CD,10,39,25,25,25
3331,HIS, 241CD,019H,39,20,20,6
3577,HIS, 241CD,20,39,40,20,3
3353,HIS,258,10,39,25,25,27
3373,HIS,259,10,39,25,25,29
1735,HIS, 378CTWI,10,29,15,15,15
1736,HIS, 378CTWI,20,29,15,15,15
1737,HIS, 380WI,10,39,15,15,17
1342,HLS,100,10,25,25,25,13
3287,HLS,100,810,,35,35,11
3506,HUM, 211CDVL,10,39,25,25,9
3348,HUM, 211CDVL,20,30,25,25,14
3349,HUM, 211CDVL,30,30,25,25,19
3461,HUM, 211CDVL,40,30,25,25,5
2159,INT,10,810,,35,35,10
1526,LLT,200,10,24,18,18,7
1518,LLT,310,810,,18,18,11
1522,LLT, 321CPVL,10,25,24,24,24
1520,LLT, 321CPVL,20,25,24,24,12
1521,LLT, 321CPVL,30,25,24,24,22
1531,LLT, 321CPVL,40,25,24,24,20
1528,LLT, 321CPVL,50,25,24,24,18
2964,LLT, 321CPVL,60,25,24,24,5
1524,LLT,330,10,24,22,22,9
2983,LLT,364,810,,18,18,11
3532,LLT,390,970,,40,0,1
1515,LLT,398,15,,20,7,4
2978,LLT,398,25,,1,1,1
1516,LLT,399,16,24,20,7,4
2979,LLT,399,26,,1,1,1
1527,LLT,500,801,,23,23,3
1513,LLT,505,801,,23,23,8
1517,LLT,510,801,,23,23,9
1523,LLT,521,801,,23,23,17
1525,LLT,530,801,,23,23,9
1512,LLT,545,801,,23,23,20
2984,LLT,564,801,,23,23,2
1530,LLT,574,801,,23,23,8
2965,LLT,575,801,,18,18,6
1514,LLT,585,801,,23,23,15
3378,LLT,598,101,,20,7,1
3379,LLT,599,101,,20,7,1
2067,MAR,110,10,70,70,40,17
2068,MAR,110,11,24,24,20,4
2072,MAR,110,12,24,24,20,13
2069,MAR,210,10,24,24,24,11
3044,MAR,326,10,,48,20,0
3045,MAR,326,11,,48,20,0
2070,MAR, 346WI,10,,24,24,0
2071,MAR, 346WI,11,,24,24,0
2073,MAR, 358CP,10,24,24,24,1
2074,MAR, 358CP,11,24,24,24,1
1799,MAT,17,21,30,25,25,12
1774,MAT,17,30,30,30,25,25
1745,MAT,17,50,32,30,25,23
1744,MAT,17,51,28,30,25,13
1797,MAT,17,60,40,25,25,11
1794,MAT,17,70,30,25,25,19
1789,MAT,17,121,39,25,25,10
1746,MAT,17,130,40,30,23,2
1788,MAT,17,810,,25,15,11
1804,MAT,17,811,39,25,25,6
1775,MAT,40,10,24,30,20,15
1776,MAT,40,20,24,30,20,20
3325,MAT,45,10,29,30,25,23
1747,MAT,45,810,,40,25,18
1748,MAT,45,811,,40,25,19
1773,MAT,103,30,33,30,31,9
1751,MAT,103,50,40,30,30,8
1770,MAT,103,60,33,30,32,20
1782,MAT,103,70,33,30,32,17
1752,MAT,103,140,30,30,30,4
1749,MAT,103,150,32,30,31,10
1800,MAT, 104QL,10,35,28,25,20
1769,MAT, 104QL,130,33,30,25,12
1791,MAT,105,20,81,75,40,23
1792,MAT,105,30,50,75,0,0
1754,MAT,105,40,81,81,40,40
1755,MAT,105,70,99,81,0,0
1753,MAT,105,71,81,81,40,35
1793,MAT,105,110,170,75,40,29
1781,MAT,105,120,81,81,40,13
1767,MAT,105,810,,25,40,23
1766,MAT,106,10,39,30,28,11
1756,MAT,106,20,32,30,25,13
1798,MAT,106,810,,30,25,7
1787,MAT,115,30,34,25,25,18
1785,MAT,115,40,32,25,25,9
1807,MAT,115,810,,20,25,3
1758,MAT,122,20,40,30,25,5
1802,MAT, 140QL,10,35,33,25,25
1811,MAT, 140QL,30,40,33,25,25
1772,MAT, 140QL,110,32,33,25,25
1771,MAT, 140QL,120,28,33,25,25
1790,MAT, 140QL,810,,33,25,25
3326,MAT,150,10,32,40,25,3
1786,MAT,181,20,35,20,25,8
1784,MAT,181,30,24,20,10,4
1795,MAT,181,31,30,20,25,15
1762,MAT,181,50,32,40,25,12
1780,MAT,181,71,24,40,24,6
1763,MAT,182,30,35,40,20,14
1778,MAT,182,50,35,20,20,11
3569,MAT,220,990,,25,0,1
1783,MAT, 224WI,20,29,20,20,14
1760,MAT,260,10,24,40,20,16
1759,MAT,260,20,24,40,20,20
1764,MAT,283,10,30,40,20,13
1765,MAT,283,20,32,40,20,15
3521,MAT,301,990,,22,0,2
1779,MAT,302,10,40,25,20,11
1796,MAT,305,10,35,40,20,17
3327,MAT,321,10,24,40,20,11
3559,MAT,332,990,,40,0,1
3328,MAT,340,10,32,24,20,20
1803,MAT,351,10,30,40,20,17
1761,MAT,361,60,32,40,35,18
3586,MAT,372,960,,40,0,2
1768,MAT, 380WI,10,24,15,20,12
3474,MAT,395,960,,40,0,1
3545,MAT,395,961,,40,0,1
3481,MAT,398,960,,40,0,1
3475,MAT,473,990,,40,0,1
1160,MGM,210,10,40,30,35,35
1135,MGM,210,310,70,30,35,33
1147,MGM,210,811,40,30,35,35
1153,MGM,210,812,40,30,35,35
1151,MGM,315,10,32,25,25,26
2969,MGM,328,10,32,35,35,12
1143,MGM, 335CM,10,81,35,35,36
1144,MGM, 335CM,30,81,35,35,35
3219,MGM,340,310,,35,35,16
1133,MGM,350,10,48,35,35,35
1134,MGM,350,20,48,35,35,31
1138,MGM,351,10,38,32,32,32
1139,MGM,351,20,32,32,30,24
1140,MGM,351,30,32,30,30,31
1141,MGM,351,40,27,27,27,24
1137,MGM,351,810,,25,25,25
1142,MGM, 352CD,10,40,30,30,30
1162,MGM, 352CD,20,40,30,30,30
1136,MGM,360,10,70,35,35,33
1161,MGM,361,20,54,35,35,26
1150,MGM,363,20,34,30,30,30
1149,MGM, 380WI,10,39,20,20,19
1154,MGM, 399CTWI,10,54,25,25,22
1155,MGM, 399CTWI,20,39,25,25,28
1156,MGM, 399CTWI,30,34,25,25,25
1157,MGM, 399CTWI,40,34,25,25,25
1148,MGM,570,801,54,20,20,14
1146,MGM,582,801,,20,20,13
1145,MGM,590,801,54,20,20,6
3438,MIL,70,846,,50,20,2
3439,MIL,101,846,,15,15,3
3440,MIL,201,846,,15,15,2
3441,MIL,301,846,,15,0,0
3443,MIL,301,847,,15,0,0
3442,MIL,301,848,,15,0,0
3444,MIL,401,846,,15,0,0
3445,MIL,401,847,,15,0,0
1172,MKT,210,019H,36,20,20,10
1175,MKT,210,20,136,35,35,36
1184,MKT,210,40,136,50,35,35
2954,MKT,210,50,136,35,35,40
1183,MKT,210,210,136,35,35,33
1180,MKT,210,810,,25,25,25
1168,MKT, 312WI,10,40,30,30,15
1169,MKT, 312WI,20,40,30,30,29
1165,MKT,320,10,39,30,30,33
1174,MKT,340,10,36,30,30,24
1173,MKT,350,10,33,32,30,31
1178,MKT,351,10,39,30,30,30
2957,MKT,351,20,39,30,30,30
2962,MKT,357,810,,30,30,4
1167,MKT,360,10,54,30,30,34
1179,MKT,361,20,54,32,29,4
1181,MKT,362,10,27,27,25,25
2956,MKT,362,20,27,27,25,19
1170,MKT, 370CD,20,40,30,30,11
1171,MKT, 370CD,810,,30,30,11
1182,MKT,371,210,,30,30,0
1862,MLS,434,801,450,25,20,1
1863,MLS,434,810,450,25,20,0
1909,MUP,229,10,,30,10,7
1911,MUP,229,20,,30,2,2
1926,MUP,229,40,,30,2,2
1903,MUP,230,30,,12,10,1
1867,MUP,230,610,,40,10,10
1866,MUP,230,620,25,40,10,6
1868,MUP,231,10,25,40,8,2
1870,MUP,232,110,25,40,12,12
1869,MUP,232,310,75,40,12,7
1871,MUP,232,510,90,40,12,7
1900,MUP,233,510,100,30,10,6
1872,MUP,234,10,15,40,15,12
1872,MUP,234,10,15,40,15,12
1901,MUP,234,20,15,20,15,8
1873,MUP,235,10,50,40,15,5
1910,MUP,235,20,100,25,20,7
3182,MUP,235,30,75,25,25,3
1912,MUP,236,10,,6,3,5
1874,MUP,237,10,,40,19,20
1875,MUP,237,20,,40,12,0
1876,MUP,237,30,,40,5,5
1877,MUP,237,40,,40,9,5
1878,MUP,238,10,,40,3,0
1879,MUP,239,10,,40,23,22
1932,MUP,239,20,,6,6,5
3183,MUP,239,30,,6,6,1
1930,MUP,240,10,,5,1,1
1880,MUP,240,20,,40,4,0
1881,MUP,241,10,,40,4,1
1882,MUP,242,20,,40,5,4
1883,MUP,243,10,,40,11,7
1884,MUP,244,10,,40,2,1
1885,MUP,245,10,,40,12,10
1886,MUP,246,10,,40,3,1
1887,MUP,247,10,,40,18,11
1888,MUP,248,10,,40,11,7
1889,MUP,249,10,,40,1,2
1904,MUP,249,20,,7,6,6
1890,MUP,250,10,,40,3,3
1891,MUP,250,20,,40,7,5
1892,MUP,252,10,,40,6,2
1893,MUP,253,10,,40,20,16
1908,MUP,253,20,,6,4,1
1894,MUP,254,10,,40,9,7
1905,MUP,275,10,100,30,10,6
1917,MUP,275,20,,30,10,1
1907,MUP,276,10,100,30,12,12
1914,MUP,276,20,75,30,12,7
1915,MUP,276,30,75,30,12,5
1918,MUP,277,10,,30,4,0
1919,MUP,277,50,,30,4,2
1920,MUP,277,60,,30,4,1
1921,MUP,277,70,,30,4,1
1922,MUP,277,80,,30,4,1
1923,MUP,277,90,,30,4,0
1895,MUP,281,20,100,40,55,40
1902,MUP,282,610,100,40,100,48
1902,MUP,282,610,100,40,100,48
1902,MUP,282,610,100,40,100,48
1902,MUP,282,610,999,40,100,48
1902,MUP,282,610,999,40,100,48
1902,MUP,282,610,999,40,100,48
1896,MUP,283,10,75,40,65,18
1897,MUP,285,10,100,40,50,28
1898,MUP,289,10,100,40,25,13
1899,MUP,289,30,100,40,25,8
1927,MUP,399,10,,2,2,0
1929,MUP,399,20,,2,2,3
1913,MUP,399,30,,2,1,1
1928,MUP,399,40,,2,2,0
3455,MUP,399,50,,2,1,1
1906,MUP,399,60,,2,1,0
3516,MUP,399,70,,2,1,1
3519,MUP,399,80,,2,1,0
3540,MUP,399,90,,2,1,1
3541,MUP,399,110,,2,1,1
3194,MUS,  10CT,10,90,75,90,23
1941,MUS,  10CT,20,90,75,90,40
1942,MUS,  10CT,30,90,75,90,36
1943,MUS,  10CT,50,90,90,20,20
3587,MUS,  10CT,51,90,70,0,0
1944,MUS,  10CT,60,90,75,90,39
1954,MUS,20,10,18,26,18,18
1965,MUS,20,20,18,26,8,11
1958,MUS,20,30,24,26,19,21
1961,MUS,24,10,12,12,12,5
1957,MUS,24,20,12,12,12,6
1933,MUS,24,30,12,40,12,10
1959,MUS,79,10,32,18,16,6
1934,MUS,101,10,32,40,24,3
1935,MUS,101,20,18,40,18,12
1950,MUS,102,10,24,20,24,2
1936,MUS,102,20,24,40,24,10
1951,MUS, 106CD,10,81,40,81,81
1947,MUS, 106CD,20,81,40,81,81
3187,MUS, 108CD,10,35,40,24,15
3188,MUS, 108CD,019H,35,40,24,3
1952,MUS, 113VL,10,49,40,48,48
3193,MUS,116,10,24,30,24,8
1962,MUS,124,20,12,12,12,11
1955,MUS,129,20,75,40,25,26
1948,MUS,191,10,32,25,12,1
3501,MUS,193,10,32,12,10,5
3190,MUS,199,10,,40,40,10
1937,MUS,201,610,24,40,22,22
3490,MUS,202,10,18,20,18,14
3189,MUS,205,10,24,30,24,17
1938,MUS,213,10,24,40,24,23
1939,MUS,214,810,450,40,32,27
1956,MUS,224,10,12,12,12,10
3542,MUS,224,20,12,12,12,3
1967,MUS,226,10,75,40,15,0
1940,MUS,279,10,,40,8,2
1960,MUS,279,20,,6,3,4
3456,MUS,302,10,90,30,18,12
3416,MUS,305,10,,40,40,11
1946,MUS, 311WI,10,24,40,24,22
1953,MUS,315,210,75,40,25,24
3192,MUS,450,810,450,40,40,16
1970,MUU,231,10,75,15,15,7
1969,MUU,233,10,75,40,15,20
1971,MUU,234,10,75,20,15,4
1973,MUU,236,10,24,20,20,0
1974,MUU,236,20,24,20,20,0
1975,MUU,236,30,24,20,20,0
1980,MUU,236,610,24,20,20,0
1981,MUU,299,20,100,15,18,22
1981,MUU,299,20,100,15,18,22
1972,MUU,299,810,75,30,30,5
1972,MUU,299,810,75,30,30,5
1972,MUU,299,810,75,30,30,5
1972,MUU,299,810,75,30,30,5
1972,MUU,299,810,75,30,30,5
1972,MUU,299,810,75,30,30,5
3184,MUU,320,10,100,25,25,22
3185,MUU,320,019H,100,25,25,1
3310,MUU,390,15,90,5,5,1
3311,MUU,391,16,90,5,5,1
3186,MUU,532,101,100,40,40,2
1976,MUU,591,801,450,20,20,0
3243,MUU,595,801,450,30,30,3
2558,PHI,  15CT,10,48,40,37,16
2559,PHI,  15CT,20,48,40,31,32
3275,PHI,  20CT,10,,37,37,0
2563,PHI,  20CT,30,,37,37,0
2562,PHI,  20CT,810,450,37,37,27
2572,PHI,  30CT,10,40,35,35,35
2560,PHI,  30CT,30,,38,35,0
3377,PHI,  30CT,40,38,35,35,21
3376,PHI,  30CT,50,38,35,35,35
2566,PHI,  30CT,60,,35,35,0
3284,PHI,  30CT,810,,35,35,35
3469,PHI,  40CDCT,10,48,35,25,31
2561,PHI,  40CDCT,20,,38,35,0
2568,PHI,  40CDCT,30,,35,35,0
3282,PHI,  40CDCT,70,,35,35,0
3548,PHI,  40CDCT,810,450,35,25,15
2564,PHI,  60CDCT,10,38,35,35,30
3278,PHI, 105CDWI,10,30,25,25,25
2570,PHI, 113WI,310,,25,25,0
3553,PHI, 121CTWI,10,40,35,35,13
3552,PHI, 130CDWI,10,30,25,25,3
2565,PHI, 210WICT,10,40,30,25,16
3277,PHI, 235CDWI,10,,25,25,0
3274,PHI, 241CTWI,10,,25,25,0
3276,PHI, 330CTWI,10,38,25,25,10
2094,PHY,20,10,175,48,36,30
2095,PHY,20,11,18,18,18,18
2096,PHY,20,12,18,18,18,12
2079,PHY,40,10,137,137,60,60
2080,PHY,40,11,18,18,15,15
2087,PHY,40,12,18,18,15,15
2081,PHY,40,313,18,18,15,15
2097,PHY,40,414,18,18,15,15
3020,PHY,80,10,19,40,10,2
2082,PHY,100,10,137,137,45,44
2083,PHY,100,11,18,18,15,17
2084,PHY,100,12,18,18,0,0
2088,PHY,100,13,18,18,15,10
2093,PHY,100,214,18,18,15,17
3025,PHY,212,10,48,24,24,16
2089,PHY, 220WI,10,80,80,12,12
2090,PHY, 220WI,11,18,18,12,12
3479,PHY,245,10,48,40,18,18
3478,PHY,245,11,18,40,18,18
3468,PHY, 316QL,10,48,40,15,14
3467,PHY, 316QL,11,19,40,15,14
2098,PHY,340,10,19,40,19,7
3413,PHY,342,10,19,40,15,2
3021,PHY,370,11,,40,19,0
3022,PHY,372,11,,40,15,0
3485,PHY,372,990,,40,0,1
3480,PHY, 380CMWI,10,19,10,15,13
2154,PLG,120,10,35,35,0,0
2156,PLG,150,10,35,35,0,0
2157,PLG,235,10,35,35,0,0
3046,PLG,240,310,30,35,0,0
2155,PLG,245,10,35,35,0,0
2158,PLG,250,10,32,35,0,0
2108,POL,10,10,175,100,75,25
2111,POL,10,20,175,100,75,41
2112,POL,10,30,170,75,0,1
2113,POL,10,40,198,75,0,0
2114,POL,  20CD,10,48,48,25,25
2133,POL,  20CD,20,48,30,0,0
2119,POL,  30CD,10,35,35,25,25
2115,POL,40,10,48,48,25,25
2117,POL,50,10,48,48,0,0
2125,POL,50,30,32,32,25,25
2135,POL, 101WI,810,48,30,25,21
2130,POL,115,10,28,40,25,22
2131,POL,115,20,28,40,25,5
2974,POL,141,10,35,40,40,20
3422,POL,182,10,35,25,35,2
2120,POL, 200QL,10,28,25,25,0
2121,POL, 200QL,20,28,25,24,0
2121,POL, 200QL,20,28,25,24,0
2122,POL, 200QL,40,28,25,25,1
2122,POL, 200QL,40,28,25,25,1
2123,POL, 200QL,50,28,25,25,1
2123,POL, 200QL,50,28,25,25,1
2124,POL, 200QL,60,28,25,25,0
2136,POL, 200QL,70,28,25,25,3
3547,POL, 201CPQL,990,,20,0,1
2126,POL, 228CTWI,10,32,48,30,22
2976,POL,313,10,35,40,25,20
2975,POL, 332CDWI,10,35,40,25,17
3546,POL,370,960,,40,0,1
2109,POL, 381CMWI,10,21,21,21,10
3508,POL,390,970,,40,0,4
3596,POL,395,960,,40,0,1
2128,POL,425,401,35,40,35,2
2127,POL,425,410,35,40,35,11
2118,POL,509,801,35,35,35,2
2110,POL,515,801,35,35,35,1
3595,POL,517,900,,20,0,1
2129,POL,518,501,32,40,32,2
3594,POL,565,902,,30,0,1
2474,PRO, 100WI,10,30,30,30,29
3570,PRO, 100WI,20,41,30,30,4
2477,PRO, 185CT,10,39,30,35,22
2476,PRO,210,10,40,30,30,30
2475,PRO, 232WI,10,33,30,24,24
3030,PRO, 232WI,20,33,30,24,24
3019,PRS,250,10,24,40,25,8
2195,PSY,11,019H,32,48,18,3
2194,PSY,11,30,175,135,125,36
2161,PSY,11,60,175,135,125,125
2198,PSY,11,810,,45,35,37
2201,PSY,110,10,81,45,45,45
2204,PSY,110,20,,150,65,0
2206,PSY,110,30,175,45,45,45
2207,PSY,110,40,81,45,45,45
2200,PSY,120,20,,135,35,0
2199,PSY,125,10,81,81,75,35
2162,PSY,125,810,,50,45,45
3299,PSY,140,10,81,45,30,30
3291,PSY,140,20,198,45,10,10
2180,PSY, 200QL,10,28,25,25,15
2181,PSY, 200QL,20,28,25,24,13
2181,PSY, 200QL,20,28,25,24,13
2182,PSY, 200QL,40,28,25,25,13
2182,PSY, 200QL,40,28,25,25,13
2183,PSY, 200QL,50,28,25,25,15
2183,PSY, 200QL,50,28,25,25,15
2184,PSY, 200QL,60,28,25,25,22
2208,PSY, 200QL,70,28,25,25,20
3298,PSY,202,10,40,35,40,40
2164,PSY,202,30,,40,35,0
2163,PSY,202,810,,40,35,0
2202,PSY,208,10,35,35,32,32
2165,PSY,220,10,49,45,40,32
3335,PSY,232,810,,30,30,30
2185,PSY,240,10,198,135,120,51
2166,PSY,250,30,38,38,35,35
2167,PSY,250,40,38,38,35,34
2176,PSY, 270CTWI,20,24,19,15,15
2177,PSY, 270CTWI,30,24,19,15,15
3292,PSY, 270CTWI,40,24,17,17,9
2178,PSY, 270CTWI,60,24,19,18,18
2197,PSY, 310CTQL,10,35,35,28,27
2187,PSY, 310CTQL,20,25,35,24,19
2210,PSY, 310CTQL,30,48,48,45,16
2168,PSY,311,20,35,35,32,32
2169,PSY,312,10,38,38,35,21
2170,PSY,312,20,35,35,32,21
2189,PSY,325,10,48,40,26,24
2171,PSY,331,810,,40,40,10
2209,PSY,340,10,48,45,45,14
3293,PSY,340,20,35,35,35,20
2172,PSY,360,10,30,35,22,19
3296,PSY,375,10,,40,30,0
2190,PSY,379,10,35,35,35,20
2191,PSY,379,20,30,30,30,23
2173,PSY,379,30,81,75,75,20
2192,PSY, 380WI,10,21,17,17,11
2193,PSY, 380WI,20,21,17,17,17
2211,PSY, 380WI,30,,15,14,0
2203,PSY, 380WI,40,21,15,14,14
3597,PSY,398,960,,40,0,1
2205,PSY,530,101,38,25,25,19
2174,PSY,546,101,48,25,25,24
3495,REGT,1,2210,25,1,0,0
3496,REGT,1,4010,33,1,0,1
3497,REGT,1,4020,33,1,0,1
3498,REGT,1,5420,,1,0,1
2943,REGT,50,1,32,1,0,0
2943,REGT,50,1,32,1,0,0
2943,REGT,50,1,32,1,0,0
2943,REGT,50,1,32,1,0,0
2943,REGT,50,1,32,1,0,0
2943,REGT,50,1,32,1,0,0
3557,SCI,220,11,12,30,12,6
3558,SCI,220,810,450,30,12,6
2971,SCM,260,10,32,30,30,15
2412,SEU, 312WICD,10,56,24,24,19
2420,SEU, 312WICD,20,30,24,24,14
2414,SEU,313,10,56,24,24,19
2421,SEU,313,20,30,24,24,14
2418,SEU, 321WI,10,30,25,24,9
2419,SEU, 325WI,10,40,24,24,25
2413,SEU, 342WIVL,10,56,24,24,15
2415,SEU,343,10,56,24,24,15
2407,SEU,390,15,30,25,0,0
2408,SEU,390,25,,25,0,1
2417,SEU,390,35,30,25,0,3
2429,SEU,390,55,,10,0,1
2409,SEU,391,16,30,25,0,0
2410,SEU,391,26,,25,0,1
2416,SEU,391,36,30,25,0,3
2430,SEU,391,56,,10,0,1
2425,SEU,410,101,56,40,24,0
2426,SEU, 410WI,10,56,40,24,8
3433,SEU,422,10,24,25,24,3
3432,SEU,422,101,24,25,24,0
2427,SEU,430,101,30,30,24,0
2428,SEU, 430WI,10,30,30,24,6
2422,SEU,535,102,30,23,0,11
2411,SEU,544,801,450,23,23,18
2482,SMS,101,810,450,100,100,95
3076,SMS,322,10,25,25,25,16
1023,SOC,  10CD,20,175,100,50,36
1024,SOC,  10CD,40,175,100,40,34
1029,SOC,  10CD,50,175,100,80,31
1030,SOC,  10CD,60,175,100,20,20
3588,SOC,  10CD,61,175,90,0,0
3096,SOC,  10CD,70,170,100,50,35
1050,SOC,  10CD,810,,35,25,21
1042,SOC, 110CD,815,,35,25,30
3098,SOC, 120CDWI,10,35,40,25,28
3099,SOC, 120CDWI,816,,25,18,23
1046,SOC, 165CD,10,49,40,20,25
3584,SOC, 165CD,990,,40,0,1
1031,SOC, 200QL,10,28,25,25,1
1032,SOC, 200QL,20,28,25,24,1
1032,SOC, 200QL,20,28,25,24,1
1033,SOC, 200QL,40,28,25,25,1
1033,SOC, 200QL,40,28,25,25,1
1034,SOC, 200QL,50,28,25,25,0
1034,SOC, 200QL,50,28,25,25,0
1035,SOC, 200QL,60,28,25,25,3
1049,SOC, 200QL,70,28,25,25,2
1027,SOC, 201QL,10,44,25,20,8
1038,SOC, 217CD,10,35,35,35,24
1043,SOC, 217CD,816,,35,25,20
1036,SOC, 224CDCT,10,38,40,30,30
3102,SOC, 230CDCT,20,48,40,24,25
1045,SOC, 230CDCT,815,,35,25,28
1025,SOC, 245CD,815,,35,25,33
3398,SOC,250,10,40,30,35,15
3399,SOC,250,20,38,30,35,18
3400,SOC,250,810,,30,35,19
1026,SOC,271,816,,35,25,31
3107,SOC,310,10,48,30,25,9
1044,SOC, 350CTWI,10,44,20,20,16
2361,SOW,700,801,,30,8,1
2362,SOW,705,801,,30,0,0
1855,SPA,101,811,35,25,25,19
1846,SPA,101,812,38,25,25,9
1836,SPA,101,813,35,40,25,16
1845,SPA,102,810,32,25,25,0
1841,SPA,102,811,49,40,25,8
3162,SPA,102,812,,25,25,0
1838,SPA,103,810,450,40,25,7
1853,SPA,103,811,48,25,25,8
1839,SPA,103,812,48,25,25,7
1840,SPA,104,810,25,25,25,15
3157,SPA,104,811,35,25,25,0
1849,SPA,104,812,,25,25,10
3177,SPA, 207WI,810,25,40,25,13
1842,SPA, 212WI,810,30,15,15,15
1844,SPA, 213CM,810,25,15,15,12
1843,SPA, 214CDCM,10,30,40,0,0
3158,SPA, 214CDCM,20,35,30,25,19
3161,SPA,291,10,25,30,25,8
3163,SPA,340,10,,30,25,0
3160,SPA,343,810,48,30,25,25
3159,SPA,370,10,48,25,25,25
1848,SPA, 380CDCT,10,38,20,20,10
3391,SPP,999,10,28,18,0,0
3392,SPP,999,20,48,60,0,0
3392,SPP,999,20,48,60,0,0
3392,SPP,999,20,48,60,0,0
3392,SPP,999,20,48,60,0,0
3393,SPP,999,30,,1,1,0
3394,SPP,999,40,39,1,0,0
3395,SPP,999,50,,60,0,0
3396,SPP,999,60,,30,0,2
2451,SPT,120,810,40,30,30,30
2462,SPT,120,811,40,30,30,29
2441,SPT,160,10,40,40,40,27
2443,SPT,160,30,40,40,40,21
2456,SPT,160,810,40,40,40,6
2452,SPT, 195QL,10,40,30,28,22
2453,SPT, 195QL,20,40,30,28,28
2437,SPT,201,10,35,30,28,21
2458,SPT,201,20,35,30,28,28
2464,SPT,205,20,40,30,30,30
2445,SPT, 212CM,810,30,30,28,28
2446,SPT, 212CM,811,30,30,28,28
2444,SPT,222,10,35,30,28,28
2436,SPT,230,10,40,30,30,30
2457,SPT,230,20,40,30,30,31
2460,SPT,236,810,40,30,28,29
2466,SPT,236,811,40,40,28,28
2454,SPT,260,10,30,30,30,0
2455,SPT,260,20,30,30,30,30
2450,SPT,265,810,40,30,30,30
2468,SPT,265,811,40,30,30,30
2463,SPT,270,10,40,30,30,30
2447,SPT,285,810,40,30,30,30
2448,SPT, 290WI,10,25,30,24,24
2449,SPT, 290WI,20,30,30,24,25
2439,SPT,305,10,35,30,28,26
2440,SPT,305,20,35,30,28,28
2985,SPT,312,10,40,30,30,15
2459,SPT, 320CT,10,40,30,30,26
2461,SPT, 330WI,20,40,30,28,23
2465,SPT,333,10,35,40,26,22
2467,SPT, 345CD,810,40,30,30,30
3549,SPT,350,970,,1,0,7
2438,SPT,366,10,35,30,28,28
2218,SPU,101,10,32,80,32,27
3473,SPU,101,990,,100,0,1
2233,SPU,200,10,32,24,24,18
2245,SPU, 201CD,10,32,80,32,32
2219,SPU, 201CD,20,32,50,0,7
2220,SPU, 201CD,30,50,80,32,20
2221,SPU, 201CD,40,32,80,0,0
2239,SPU, 201CD,60,99,50,32,32
2242,SPU, 201CD,70,99,80,0,0
2234,SPU,202,10,32,24,24,17
2240,SPU,216,10,48,40,35,15
2241,SPU,216,20,,40,35,0
2254,SPU,216,30,50,40,35,28
2235,SPU, 302CT,10,32,24,24,9
2224,SPU,314,10,50,35,35,35
2225,SPU,314,20,32,50,32,32
2243,SPU,314,30,32,35,32,32
2246,SPU,314,811,,20,20,20
3289,SPU,314,820,,35,0,0
2226,SPU, 316WI,10,32,50,24,23
2227,SPU, 316WI,20,50,50,24,25
2228,SPU, 316WI,30,32,50,24,24
2244,SPU, 316WI,40,50,50,24,25
3290,SPU, 316WI,820,,24,0,0
2232,SPU,317,20,48,35,0,17
2251,SPU,318,10,99,35,35,17
2229,SPU,318,20,,50,35,0
2247,SPU, 320CT,20,48,20,0,17
2248,SPU,322,20,48,20,0,17
3232,SPU,327,10,,35,35,0
3234,SPU,327,20,32,35,32,24
2230,SPU,328,10,50,32,32,13
2231,SPU,328,20,48,32,32,24
2222,SPU,330,10,32,50,32,19
2223,SPU,330,20,50,40,24,17
3488,SPU,330,990,,20,0,1
2258,SPU,333,810,,40,20,18
2257,SPU,390,15,32,10,0,2
2236,SPU,391,16,32,10,0,4
2237,SPU,392,15,48,30,0,5
2238,SPU,393,16,48,30,0,7
3514,SPU,433,990,,40,0,1
2255,SPU,434,801,,40,40,2
2256,SPU,434,810,,40,40,8
3476,SPU,436,990,,40,0,1
2249,SPU,500,801,,20,20,11
2250,SPU,500,802,,20,20,0
2252,SPU,502,801,,40,20,5
3108,SPU,592,101,50,10,0,0
3235,SPU,593,101,50,10,0,1
1290,STA,516,801,32,40,25,9
1291,STA,517,801,30,40,25,9
1292,STA,571,101,38,40,25,9
1293,STA,573,101,48,30,25,8
1294,STA,588,101,16,30,25,9
1295,STA,592,101,32,1,0,0
2300,SWK, 100CDCT,10,81,60,70,23
2301,SWK, 100CDCT,20,81,32,81,43
2302,SWK, 100CDCT,30,70,70,46,6
2303,SWK, 100CDCT,40,49,49,49,4
2304,SWK, 100CDCT,810,,30,20,14
2305,SWK, 130CDCT,10,49,49,45,10
2306,SWK, 130CDCT,20,49,48,45,34
2307,SWK, 130CDCT,40,49,40,40,14
2325,SWK, 130CDCT,50,38,40,38,4
2327,SWK, 160CD,20,32,40,20,20
2310,SWK, 160CD,30,35,40,20,21
2309,SWK, 160CD,810,,40,20,14
2320,SWK, 200CMWI,410,35,35,25,14
3336,SWK, 200CMWI,810,,15,15,3
2329,SWK, 200CMWI,820,,20,0,0
2275,SWK,250,10,35,40,20,20
2318,SWK,250,30,35,30,20,21
2311,SWK, 255WICD,10,35,30,25,25
2317,SWK, 255WICD,20,49,30,25,11
2328,SWK, 255WICD,820,,30,0,0
2276,SWK,280,10,35,40,20,20
2321,SWK,280,20,35,20,20,9
2334,SWK,280,820,,20,0,8
2277,SWK,285,10,35,40,20,20
2324,SWK,286,510,35,30,25,12
2312,SWK,320,10,35,30,25,23
2319,SWK,320,210,49,20,20,12
2313,SWK, 360CTQL,10,30,40,15,15
2314,SWK, 360CTQL,20,32,40,15,1
2322,SWK, 360CTQL,30,32,20,15,7
3451,SWK,381,899,,40,0,45
2315,SWK, 382CTWI,10,35,30,0,10
2316,SWK, 382CTWI,20,49,30,0,10
2323,SWK, 382CTWI,30,30,30,0,9
2326,SWK, 382CTWI,40,30,30,0,8
2331,SWK, 382CTWI,820,,30,0,8
2280,SWK,400,10,49,40,10,0
2278,SWK,400,101,49,30,10,1
2279,SWK,400,801,16,30,10,6
2281,SWK,400,810,16,40,10,0
2284,SWK,450,10,16,40,10,0
2282,SWK,450,101,16,40,10,1
2283,SWK,450,601,49,40,10,6
2285,SWK,450,610,49,40,10,0
2288,SWK,460,10,49,40,0,0
2286,SWK,460,101,49,40,15,7
2287,SWK,460,601,32,40,15,11
2289,SWK,460,610,32,40,0,0
3453,SWK,481,890,,40,0,17
3452,SWK,481,899,,40,0,1
2290,SWK,482,10,49,40,0,1
2291,SWK,482,101,49,40,0,8
2332,SWK,482,301,30,40,0,9
2333,SWK,482,310,30,40,30,0
2292,SWK,500,101,35,40,17,2
2293,SWK,500,601,49,40,16,3
2294,SWK,555,101,35,40,18,6
2295,SWK,555,801,,40,20,4
2296,SWK,560,101,32,40,19,13
2297,SWK,560,601,32,40,17,6
2982,SWK,573,801,,9,9,0
3454,SWK,581,899,,40,0,17
2298,SWK,582,101,35,40,0,6
2299,SWK,582,301,48,40,0,6
2338,SWK,582,302,35,40,0,5
2335,SWK,701,801,,30,16,0
2330,SWK,710,801,,30,16,1
2478,THE,15,10,176,130,130,58
2479,THE,  31CM,10,36,25,25,18
3238,WGS,16,10,48,40,40,6
3239,WGS,16,20,,40,40,0
3409,WGS,45,10,29,30,25,2
3410,WGS,45,810,,30,30,7
3411,WGS,45,811,,30,30,6
3106,WGS,100,10,40,25,25,25
3354,WGS,130,810,,25,35,11
3355,WGS,130,811,,25,25,0
3356,WGS,130,812,,25,25,4
3507,WGS, 211CDVL,10,39,25,25,3
3350,WGS, 211CDVL,20,30,25,25,2
3351,WGS, 211CDVL,30,30,25,25,2
3460,WGS, 211CDVL,40,30,25,25,4
3383,WGS, 217CD,10,35,30,35,5
3384,WGS, 217CD,816,,35,25,5
3357,WGS,237,110,35,25,25,3
3358,WGS, 248CDCM,810,,25,35,9
3359,WGS,261,810,,25,48,3
3360,WGS,271,810,35,25,25,2
3403,WGS,272,10,39,40,25,5
3361,WGS,285,810,,25,25,0
3515,WGS,310,990,,40,0,1
3363,WGS,321,810,35,30,35,11
3364,WGS, 350CT,810,,25,35,1
3404,WGS,359,10,40,40,25,6
3421,WRI,100,10,40,30,10,1
3132,WRI,100,20,25,30,10,12
3405,WRI,107,10,28,40,25,7
3152,WRI, 108WI,10,40,22,16,18
1680,WRI, 108WI,20,40,22,15,15
1662,WRI, 111WI,10,40,25,15,20
1663,WRI, 111WI,20,34,25,15,19
1675,WRI, 120WI,10,25,24,15,17
1666,WRI, 207WICT,10,25,24,25,25
1667,WRI, 207WICT,20,25,24,25,25
1670,WRI, 207WICT,30,40,24,25,25
1686,WRI, 207WICT,40,,24,24,0
1703,WRI, 207WICT,50,40,24,25,25
1677,WRI, 207WICT,810,,24,25,25
1678,WRI, 207WICT,811,,24,25,25
3134,WRI, 207WICT,812,,24,25,25
3133,WRI, 207WICT,813,,24,25,25
1664,WRI, 213WI,10,34,25,25,22
1668,WRI, 214WICT,10,33,25,25,25
1673,WRI, 216WICM,10,24,24,24,9
1669,WRI, 216WICM,20,25,24,25,15
1687,WRI,217,10,24,30,24,9
3155,WRI, 226WICP,10,24,24,24,17
1672,WRI,250,10,24,40,24,24
1684,WRI,250,20,24,40,24,24
3151,WRI, 303WI,10,,40,20,0
1682,WRI, 311WI,10,40,40,25,25
3018,WRI, 325WICD,10,39,25,25,14
3401,WRI,333,10,25,25,25,13
3402,WRI,347,10,25,40,25,14
3484,WRI,380,990,,30,0,1
3487,WRI,390,970,,40,0,1
3568,WRI,390,971,,40,0,1
